workout_id,date,week,title,start_datetime,end_datetime,duration_min,total_sets,working_sets,exercises,total_volume_kg
2f491767057a,2022-12-21,2022-12-19/2022-12-25,Day 2,2022-12-21 20:08:00,2022-12-21 21:13:00,65.0,26,26,7,8055.0
4d7b803cf116,2022-12-24,2022-12-19/2022-12-25,Day 3,2022-12-24 11:01:00,2022-12-24 11:58:00,57.0,26,26,7,3350.0
6849868ea363,2022-12-29,2022-12-26/2023-01-01,Petto-spalle-triceps for gay people,2022-12-29 12:05:00,2022-12-29 12:50:00,45.0,19,19,6,2565.0
1f361359b7e4,2023-01-03,2023-01-02/2023-01-08,Dorso-bicipiti for grannies,2023-01-03 13:49:00,2023-01-03 14:54:00,65.0,18,18,6,3748.0
3c47d73af56a,2023-01-04,2023-01-02/2023-01-08,Petto-spalle-bicipiti,2023-01-04 14:00:00,2023-01-04 15:12:00,72.0,21,21,6,2973.0
84fcd1da3071,2023-01-09,2023-01-09/2023-01-15,Day 1,2023-01-09 19:27:00,2023-01-09 20:45:00,78.0,32,32,11,8650.0
4432e3bb3839,2023-01-11,2023-01-09/2023-01-15,Day 2,2023-01-11 15:45:00,2023-01-11 16:50:00,65.0,26,26,8,5505.0
c500337b2e87,2023-01-13,2023-01-09/2023-01-15,Day 3,2023-01-13 12:21:00,2023-01-13 13:25:00,64.0,25,25,6,7800.0
24ca667586cf,2023-01-16,2023-01-16/2023-01-22,Spinta,2023-01-16 19:48:00,2023-01-16 20:56:00,68.0,24,23,6,6324.0
a3d73a9ae2ef,2023-01-18,2023-01-16/2023-01-22,Tirata,2023-01-18 17:51:00,2023-01-18 18:51:00,60.0,22,21,6,5582.0
f80c05f174ca,2023-01-19,2023-01-16/2023-01-22,Gambe + addome,2023-01-19 19:48:00,2023-01-19 20:42:00,54.0,22,21,6,13230.0
72777a2fb25c,2023-01-23,2023-01-23/2023-01-29,Spinta,2023-01-23 19:54:00,2023-01-23 20:48:00,54.0,22,22,6,6016.0
f283a8651930,2023-01-27,2023-01-23/2023-01-29,Dorso bicipiti,2023-01-27 19:23:00,2023-01-27 20:15:00,52.0,24,22,6,6280.0
739804206018,2023-01-31,2023-01-30/2023-02-05,Dorso bicipiti,2023-01-31 11:11:00,2023-01-31 12:42:00,91.0,26,25,7,7596.0
2cefbd334709,2023-02-01,2023-01-30/2023-02-05,Petto tricipiti,2023-02-01 18:56:00,2023-02-01 19:52:00,56.0,22,22,6,6240.0
766b7a2e0f74,2023-02-03,2023-01-30/2023-02-05,Gambe spalle,2023-02-03 11:16:00,2023-02-03 11:57:00,41.0,13,13,4,7560.0
55032024b8e8,2023-02-08,2023-02-06/2023-02-12,Dorso bicipiti,2023-02-08 10:21:00,2023-02-08 11:27:00,66.0,25,25,7,7111.0
080078a58f1c,2023-02-10,2023-02-06/2023-02-12,Petto tricipiti,2023-02-10 12:34:00,2023-02-10 13:44:00,70.0,22,22,6,6363.0
2c83bc0f08ae,2023-03-07,2023-03-06/2023-03-12,Allenamento serale 🏋️,2023-03-07 19:32:00,2023-03-07 20:40:00,68.0,26,26,8,5702.0
c2d3ce12b5e1,2023-06-06,2023-06-05/2023-06-11,Gambe + petto no plyo,2023-06-06 18:48:00,2023-06-06 19:48:00,60.0,21,21,7,9432.0
62b6a0f42f55,2023-06-08,2023-06-05/2023-06-11,Plyo + dorso,2023-06-08 17:23:00,2023-06-08 18:25:00,62.0,14,14,5,2455.0
4382a400b408,2023-06-11,2023-06-05/2023-06-11,Allenamento a notte fonda 🌙,2023-06-11 18:59:00,2023-06-11 19:59:00,60.0,16,16,5,1012.0
13f56f1a9731,2023-06-20,2023-06-19/2023-06-25,Allenamento pomeridiano 💪,2023-06-20 12:35:00,2023-06-20 13:17:00,42.0,13,13,6,2980.0
523c22683e87,2023-07-14,2023-07-10/2023-07-16,Allenamento pomeridiano 💪,2023-07-14 12:54:00,2023-07-14 14:00:00,66.0,18,18,8,4855.0
2fe006f8d97f,2023-07-18,2023-07-17/2023-07-23,Allenamento pomeridiano 💪,2023-07-18 12:05:00,2023-07-18 13:14:00,69.0,17,17,8,2837.0
3cb8eace14ea,2023-08-24,2023-08-21/2023-08-27,Allenamento pomeridiano 💪,2023-08-24 11:41:00,2023-08-24 12:31:00,50.0,15,15,6,858.0
eb1b963b7198,2023-08-28,2023-08-28/2023-09-03,Allenamento pomeridiano 💪,2023-08-28 18:57:00,2023-08-28 19:27:00,30.0,10,10,3,0.0
7de6184539b7,2023-09-01,2023-08-28/2023-09-03,Allenamento pomeridiano 💪,2023-09-01 17:58:00,2023-09-01 18:23:00,25.0,9,9,3,0.0
82e945412f91,2023-09-05,2023-09-04/2023-09-10,Allenamento serale 🏋️,2023-09-05 18:43:00,2023-09-05 19:15:00,32.0,11,11,4,0.0
6a90d00ba513,2023-09-18,2023-09-18/2023-09-24,Spalle e bicipiti,2023-09-18 16:02:00,2023-09-18 16:44:00,42.0,13,13,5,1218.5
0f5b9cb15ca1,2023-11-30,2023-11-27/2023-12-03,Allenamento pomeridiano 💪,2023-11-30 17:10:00,2023-11-30 18:19:00,69.0,18,18,6,4950.0
c9ceb5d45c51,2023-12-04,2023-12-04/2023-12-10,Allenamento mattutino ☀️,2023-12-04 09:50:00,2023-12-04 10:40:00,50.0,14,14,4,6320.0
3dee6dff70e9,2023-12-05,2023-12-04/2023-12-10,Allenamento serale 🏋️,2023-12-05 20:28:00,2023-12-05 21:18:00,50.0,11,11,4,3532.5
8c4a15036f1e,2023-12-07,2023-12-04/2023-12-10,Allenamento pomeridiano 💪,2023-12-07 16:54:00,2023-12-07 17:34:00,40.0,13,13,4,1904.5
18be24c66684,2023-12-11,2023-12-11/2023-12-17,Leg,2023-12-11 09:12:00,2023-12-11 10:12:00,60.0,11,11,4,1150.0
a73ffeb0a729,2023-12-12,2023-12-11/2023-12-17,Allenamento pomeridiano 💪,2023-12-12 16:38:00,2023-12-12 17:52:00,74.0,21,21,7,4324.0
518c4eba9d99,2023-12-14,2023-12-11/2023-12-17,Allenamento pomeridiano 💪,2023-12-14 17:22:00,2023-12-14 18:32:00,70.0,29,29,8,2600.0
44a0d01e225f,2023-12-18,2023-12-18/2023-12-24,Allenamento mattutino ☀️,2023-12-18 09:33:00,2023-12-18 10:43:00,70.0,30,30,8,4640.9
e65269a9091f,2023-12-20,2023-12-18/2023-12-24,Leg 🦵🏼🍗,2023-12-20 12:30:00,2023-12-20 13:43:00,73.0,17,17,6,1742.0
53564205ffe9,2023-12-21,2023-12-18/2023-12-24,Upper 2,2023-12-21 13:38:00,2023-12-21 15:01:00,83.0,25,25,7,6932.5
11d2ea93341f,2023-12-27,2023-12-25/2023-12-31,Plyo + upper,2023-12-27 11:42:00,2023-12-27 12:57:00,75.0,26,26,8,6763.5
ac3ca0e636c3,2024-01-08,2024-01-08/2024-01-14,Leg 🦵🏼🍗,2024-01-08 09:15:00,2024-01-08 10:21:00,66.0,17,17,7,1287.0
5e7b0ba6983f,2024-01-09,2024-01-08/2024-01-14,Plyo + upper,2024-01-09 08:10:00,2024-01-09 09:09:00,59.0,30,30,9,7101.0
35a778df3a69,2024-01-15,2024-01-15/2024-01-21,Leg 🦵🏼🍗,2024-01-15 08:40:00,2024-01-15 09:57:00,77.0,16,16,6,2506.0
81598c63bd28,2024-01-16,2024-01-15/2024-01-21,Upper,2024-01-16 08:01:00,2024-01-16 09:01:00,60.0,22,22,6,4455.0
02f56a06f8b3,2024-01-18,2024-01-15/2024-01-21,Plyo + Upper 2,2024-01-18 09:23:00,2024-01-18 10:40:00,77.0,23,23,8,5304.0
e519b88a392c,2024-01-23,2024-01-22/2024-01-28,Plyo + Upper 1,2024-01-23 20:37:00,2024-01-23 21:48:00,71.0,27,27,9,5375.0
bb2460f15947,2024-01-29,2024-01-29/2024-02-04,Plyo + leg,2024-01-29 10:31:00,2024-01-29 11:26:00,55.0,16,16,6,6360.0
98941df3d035,2024-01-30,2024-01-29/2024-02-04,Plyo + Upper 1,2024-01-30 10:37:00,2024-01-30 11:39:00,62.0,23,23,8,4218.0
a9e57254c9db,2024-02-01,2024-01-29/2024-02-04,Plyo + Upper 2,2024-02-01 11:01:00,2024-02-01 12:24:00,83.0,23,23,8,5074.5
1965004002a6,2024-02-10,2024-02-05/2024-02-11,Full body,2024-02-10 14:35:00,2024-02-10 15:52:00,77.0,27,27,6,4363.5
70c4e75c5f61,2024-02-22,2024-02-19/2024-02-25,Allenamento pomeridiano 💪,2024-02-22 11:52:00,2024-02-22 13:12:00,80.0,21,21,8,4295.0
a5e0c6a5d2b1,2024-02-29,2024-02-26/2024-03-03,Allenamento pomeridiano 💪,2024-02-29 17:18:00,2024-02-29 18:33:00,75.0,19,19,6,5089.5
daadd8f8a14b,2024-03-01,2024-02-26/2024-03-03,Pull,2024-03-01 18:12:00,2024-03-01 19:22:00,70.0,16,16,6,4205.0
ed3e3850d2f9,2024-03-05,2024-03-04/2024-03-10,Push,2024-03-05 11:30:00,2024-03-05 12:45:00,75.0,19,19,6,4219.0
8ac53e232d76,2024-03-08,2024-03-04/2024-03-10,Pull,2024-03-08 11:29:00,2024-03-08 12:24:00,55.0,16,16,5,4197.5
7a8d0aad4a4f,2024-03-12,2024-03-11/2024-03-17,Upper 1,2024-03-12 09:53:00,2024-03-12 10:52:00,59.0,19,19,7,5027.0
89c02d559dd6,2024-03-14,2024-03-11/2024-03-17,Upper 2,2024-03-14 17:04:00,2024-03-14 18:21:00,77.0,20,20,7,5163.0
8ac8c29f828e,2024-03-19,2024-03-18/2024-03-24,Upper 1,2024-03-19 09:29:00,2024-03-19 10:35:00,66.0,21,21,7,5358.0
443f3cc3cd1e,2024-03-22,2024-03-18/2024-03-24,Allenamento col mio amico Teo🥰,2024-03-22 11:06:00,2024-03-22 12:38:00,92.0,30,30,6,5064.0
c8185eb373ac,2024-03-23,2024-03-18/2024-03-24,Schiena spalle tricipiti un po' a caso,2024-03-23 17:48:00,2024-03-23 18:35:00,47.0,14,14,4,2159.0
d49277695cad,2024-03-26,2024-03-25/2024-03-31,Upper 1,2024-03-26 09:13:00,2024-03-26 10:27:00,74.0,22,22,7,5955.5
3897d49bf960,2024-03-27,2024-03-25/2024-03-31,Leg 🦵🏼🍗,2024-03-27 19:15:00,2024-03-27 20:15:00,60.0,16,16,6,3040.0
464f0e7a2b4c,2024-04-04,2024-04-01/2024-04-07,Upper 1,2024-04-04 17:15:00,2024-04-04 18:29:00,74.0,24,24,7,6209.5
880dda037477,2024-04-08,2024-04-08/2024-04-14,Upper 1,2024-04-08 16:46:00,2024-04-08 17:54:00,68.0,24,24,7,6588.5
cb213f480657,2024-04-11,2024-04-08/2024-04-14,Upper 2,2024-04-11 16:06:00,2024-04-11 17:45:00,99.0,27,27,9,7499.0
476c80295566,2024-04-15,2024-04-15/2024-04-21,Pliometria,2024-04-15 15:23:00,2024-04-15 15:37:00,14.0,5,5,2,0.0
770efdb8dc6b,2024-04-15,2024-04-15/2024-04-21,Upper 1,2024-04-15 15:33:00,2024-04-15 16:41:00,68.0,24,24,7,6694.5
1a79e9dabd04,2024-04-16,2024-04-15/2024-04-21,Leg 🦵🏼🍗,2024-04-16 08:58:00,2024-04-16 09:46:00,48.0,14,14,5,4688.0
4fafa7c00b63,2024-04-25,2024-04-22/2024-04-28,A caso,2024-04-25 09:56:00,2024-04-25 10:48:00,52.0,11,11,3,5335.0
2d2d0e95749d,2024-04-27,2024-04-22/2024-04-28,A caso 2.0,2024-04-27 16:42:00,2024-04-27 17:47:00,65.0,17,17,5,5173.0
83b4e857156e,2024-04-29,2024-04-29/2024-05-05,WORKOUT A,2024-04-29 16:19:00,2024-04-29 17:51:00,92.0,32,32,9,7130.0
6c680dc16fcd,2024-04-30,2024-04-29/2024-05-05,WORKOUT B,2024-04-30 16:19:00,2024-04-30 17:45:00,86.0,30,30,8,5320.0
8a5be4f9c4e0,2024-05-02,2024-04-29/2024-05-05,WORKOUT C,2024-05-02 15:25:00,2024-05-02 17:00:00,95.0,26,26,8,7170.0
dbbbddae7d3d,2024-05-05,2024-04-29/2024-05-05,Allenamento mattutino ☀️,2024-05-05 11:17:00,2024-05-05 12:40:00,83.0,24,24,7,3153.0
fee2f5756f1e,2024-05-10,2024-05-06/2024-05-12,Allenamento mattutino ☀️,2024-05-10 10:52:00,2024-05-10 12:22:00,90.0,18,18,6,5430.0
3ff166b0f9bb,2024-05-11,2024-05-06/2024-05-12,Allenamento mattutino ☀️,2024-05-11 18:31:00,2024-05-11 19:31:00,60.0,16,16,5,1932.5
ae4617269524,2024-05-13,2024-05-13/2024-05-19,WORKOUT A,2024-05-13 11:11:00,2024-05-13 13:06:00,115.0,34,34,10,7045.0
c538d17c0ab0,2024-05-15,2024-05-13/2024-05-19,WORKOUT B,2024-05-15 09:39:00,2024-05-15 11:21:00,102.0,30,30,9,6375.0
fae0ad3e15c8,2024-05-16,2024-05-13/2024-05-19,WORKOUT C,2024-05-16 08:52:00,2024-05-16 10:30:00,98.0,26,26,8,8235.0
46afe7cdf0e0,2024-05-20,2024-05-20/2024-05-26,WORKOUT A,2024-05-20 15:45:00,2024-05-20 17:40:00,115.0,34,34,10,7505.0
588323f3dd16,2024-05-22,2024-05-20/2024-05-26,WORKOUT B,2024-05-22 10:57:00,2024-05-22 12:35:00,98.0,28,28,9,5691.0
12237460263e,2024-05-24,2024-05-20/2024-05-26,WORKOUT C,2024-05-24 16:21:00,2024-05-24 18:13:00,112.0,29,29,8,7060.0
b0c29701a945,2024-05-28,2024-05-27/2024-06-02,WORKOUT A,2024-05-28 06:31:00,2024-05-28 08:24:00,113.0,33,33,9,7292.5
b93cb3779812,2024-05-29,2024-05-27/2024-06-02,WORKOUT B,2024-05-29 12:59:00,2024-05-29 14:36:00,97.0,28,28,9,5603.0
611b8e16307a,2024-05-31,2024-05-27/2024-06-02,WORKOUT C,2024-05-31 17:46:00,2024-05-31 19:26:00,100.0,27,27,8,7167.0
5b29f1482762,2024-06-02,2024-05-27/2024-06-02,Squat con pt,2024-06-02 11:33:00,2024-06-02 12:08:00,35.0,7,7,1,1780.0
9129ff55a235,2024-06-03,2024-06-03/2024-06-09,Full body easy,2024-06-03 16:38:00,2024-06-03 17:53:00,75.0,25,25,9,7200.0
c076a75da922,2024-06-06,2024-06-03/2024-06-09,Pull a caso,2024-06-06 09:08:00,2024-06-06 09:58:00,50.0,12,12,4,4759.7
9cf5bcb6a4f0,2024-06-07,2024-06-03/2024-06-09,Massimali col mio amico Teo,2024-06-07 13:01:00,2024-06-07 14:21:00,80.0,12,12,3,598.0
bcb460c2cff7,2024-06-11,2024-06-10/2024-06-16,WORKOUT A,2024-06-11 08:14:00,2024-06-11 09:24:00,70.0,21,21,6,5086.0
ed362603dbbc,2024-06-12,2024-06-10/2024-06-16,WORKOUT B,2024-06-12 14:43:00,2024-06-12 16:11:00,88.0,26,26,8,9985.5
0f98ee4baf08,2024-06-14,2024-06-10/2024-06-16,WORKOUT C,2024-06-14 14:55:00,2024-06-14 16:35:00,100.0,23,23,8,4150.0
3d41f309b4c6,2024-06-15,2024-06-10/2024-06-16,Home gym,2024-06-15 18:32:00,2024-06-15 19:17:00,45.0,12,12,4,1671.0
3a3ef77d3ac9,2024-06-17,2024-06-17/2024-06-23,WORKOUT A,2024-06-17 14:47:00,2024-06-17 15:57:00,70.0,24,24,9,5019.0
7e99db2cc2d0,2024-06-19,2024-06-17/2024-06-23,WORKOUT B,2024-06-19 20:31:00,2024-06-19 21:46:00,75.0,21,21,6,4730.0
6c531c245955,2024-06-22,2024-06-17/2024-06-23,A cas,2024-06-22 19:13:00,2024-06-22 20:13:00,60.0,16,16,6,1589.0
824589021c0d,2024-06-25,2024-06-24/2024-06-30,WORKOUT A,2024-06-25 17:02:00,2024-06-25 18:37:00,95.0,27,27,9,5910.0
710fdece4710,2024-06-28,2024-06-24/2024-06-30,WORKOUT B,2024-06-28 16:03:00,2024-06-28 17:34:00,91.0,26,26,8,7056.0
76684ae2d0f4,2024-06-30,2024-06-24/2024-06-30,Petto braccia home Gym,2024-06-30 18:27:00,2024-06-30 19:22:00,55.0,16,16,5,1837.0
ba5a6bbc2c98,2024-07-02,2024-07-01/2024-07-07,Dorso e spalle più o meno,2024-07-02 19:17:00,2024-07-02 20:07:00,50.0,14,14,4,1979.0
9d6583136b26,2024-07-06,2024-07-01/2024-07-07,Petto braccia home Gym,2024-07-06 18:15:00,2024-07-06 18:55:00,40.0,14,14,5,1635.0
3a4584ffccb5,2024-07-10,2024-07-08/2024-07-14,Na merda,2024-07-10 11:32:00,2024-07-10 12:20:00,48.0,14,14,3,1056.0
07111f51a44f,2024-07-12,2024-07-08/2024-07-14,Allenamento pomeridiano 💪,2024-07-12 17:20:00,2024-07-12 17:55:00,35.0,11,11,3,1409.0
176099f41541,2024-07-13,2024-07-08/2024-07-14,Allenamento pomeridiano 💪,2024-07-13 17:35:00,2024-07-13 18:21:00,46.0,14,14,4,1966.0
17175703a80d,2024-07-16,2024-07-15/2024-07-21,Pushpushpush,2024-07-16 11:45:00,2024-07-16 12:24:00,39.0,13,13,4,1404.0
6db2d4a213b5,2024-07-17,2024-07-15/2024-07-21,PullPullPull,2024-07-17 11:30:00,2024-07-17 12:14:00,44.0,14,14,4,1810.0
434c2f832ba1,2024-07-19,2024-07-15/2024-07-21,Cazzo di caldooo,2024-07-19 11:15:00,2024-07-19 12:10:00,55.0,18,18,6,1941.5
0504c6af7b60,2024-07-27,2024-07-22/2024-07-28,I'm baaaack (forse),2024-07-27 16:24:00,2024-07-27 17:44:00,80.0,26,26,7,6501.5
548cc29e194b,2024-07-29,2024-07-29/2024-08-04,Push 1 home gym,2024-07-29 11:28:00,2024-07-29 12:23:00,55.0,17,17,5,2052.5
31acb419cc56,2024-07-31,2024-07-29/2024-08-04,Calisthenico😂,2024-07-31 11:04:00,2024-07-31 11:39:00,35.0,12,12,3,0.0
357518cb8855,2024-08-04,2024-07-29/2024-08-04,Push,2024-08-04 09:47:00,2024-08-04 10:32:00,45.0,17,17,5,1723.0
53f39f2f28d9,2024-08-05,2024-08-05/2024-08-11,Allenamento pomeridiano 💪,2024-08-05 11:48:00,2024-08-05 13:08:00,80.0,27,27,7,6795.0
752e6613e558,2024-08-13,2024-08-12/2024-08-18,PushPush,2024-08-13 09:09:00,2024-08-13 09:56:00,47.0,18,18,5,1822.0
c303823d3015,2024-08-14,2024-08-12/2024-08-18,Pull + Plyo,2024-08-14 08:37:00,2024-08-14 09:53:00,76.0,26,26,6,430.0
7f864c613fa4,2024-08-16,2024-08-12/2024-08-18,Allenamento mattutino ☀️,2024-08-16 10:08:00,2024-08-16 10:55:00,47.0,15,15,4,1772.5
8850251e5f06,2024-08-17,2024-08-12/2024-08-18,Allenamento mattutino ☀️,2024-08-17 09:04:00,2024-08-17 10:04:00,60.0,17,17,6,390.0
cde65c5c5a52,2024-08-19,2024-08-19/2024-08-25,Push 1 home gym,2024-08-19 09:14:00,2024-08-19 09:59:00,45.0,14,14,4,2313.0
4dda21515984,2024-08-20,2024-08-19/2024-08-25,Pull1,2024-08-20 09:37:00,2024-08-20 10:22:00,45.0,22,22,5,0.0
9d7ef24e3daf,2024-08-22,2024-08-19/2024-08-25,Allenamento mattutino ☀️,2024-08-22 09:30:00,2024-08-22 10:18:00,48.0,15,15,4,1973.5
2edaac324f15,2024-08-23,2024-08-19/2024-08-25,Allenamento mattutino ☀️,2024-08-23 10:42:00,2024-08-23 11:37:00,55.0,19,19,6,490.0
c853f2d3511f,2024-08-26,2024-08-26/2024-09-01,Push 1 home gym,2024-08-26 11:45:00,2024-08-26 12:29:00,44.0,14,14,4,2451.0
08e741479c87,2024-08-27,2024-08-26/2024-09-01,Pull1,2024-08-27 08:45:00,2024-08-27 09:30:00,45.0,19,19,4,528.0
93662f8ca397,2024-08-29,2024-08-26/2024-09-01,Push2,2024-08-29 17:23:00,2024-08-29 18:19:00,56.0,18,18,5,1981.5
f3915287c599,2024-09-02,2024-09-02/2024-09-08,Push 1 home gym,2024-09-02 08:16:00,2024-09-02 09:04:00,48.0,13,13,4,2323.0
4b78170eb86e,2024-09-03,2024-09-02/2024-09-08,Pull1,2024-09-03 09:14:00,2024-09-03 09:56:00,42.0,19,19,4,525.0
e9107a4399cf,2024-09-05,2024-09-02/2024-09-08,Push2,2024-09-05 17:53:00,2024-09-05 18:39:00,46.0,15,15,4,1810.0
93b1bc48f755,2024-09-07,2024-09-02/2024-09-08,Pull2,2024-09-07 16:34:00,2024-09-07 17:14:00,40.0,14,14,4,2663.0
807b5a866fff,2024-09-09,2024-09-09/2024-09-15,Allenamento serale 🏋️,2024-09-09 20:29:00,2024-09-09 21:19:00,50.0,18,18,5,4621.5
f110e6299662,2024-09-11,2024-09-09/2024-09-15,Allenamento serale 🏋️,2024-09-11 18:41:00,2024-09-11 19:22:00,41.0,14,14,4,506.0
43df92e2a0ac,2024-09-13,2024-09-09/2024-09-15,Push 2,2024-09-13 17:18:00,2024-09-13 18:08:00,50.0,19,19,6,4598.5
846ceac41532,2024-09-17,2024-09-16/2024-09-22,Push 1,2024-09-17 12:26:00,2024-09-17 13:22:00,56.0,14,14,5,2393.0
182e7dd42fd5,2024-09-25,2024-09-23/2024-09-29,Pull,2024-09-25 18:18:00,2024-09-25 19:18:00,60.0,17,17,5,550.0
47c69a28d807,2024-09-27,2024-09-23/2024-09-29,Push,2024-09-27 11:20:00,2024-09-27 12:25:00,65.0,19,19,5,3639.5
b1b9cee8ed1b,2024-10-01,2024-09-30/2024-10-06,Pull,2024-10-01 12:19:00,2024-10-01 13:09:00,50.0,15,15,5,3876.0
784c6625ead1,2024-10-02,2024-09-30/2024-10-06,Push,2024-10-02 12:19:00,2024-10-02 13:09:00,50.0,14,14,4,2942.5
6521b9a994e3,2024-10-04,2024-09-30/2024-10-06,Upper,2024-10-04 16:02:00,2024-10-04 17:08:00,66.0,23,23,6,8329.0
975bd1301e1a,2024-10-07,2024-10-07/2024-10-13,Pull,2024-10-07 09:54:00,2024-10-07 10:51:00,57.0,18,18,5,4325.0
998fd98a0c2a,2024-10-08,2024-10-07/2024-10-13,Push veloce,2024-10-08 10:30:00,2024-10-08 11:15:00,45.0,15,15,4,4435.0
43c4158055b1,2024-10-10,2024-10-07/2024-10-13,Upper,2024-10-10 20:16:00,2024-10-10 21:22:00,66.0,24,24,7,8370.0
74a609c6207b,2024-10-14,2024-10-14/2024-10-20,Pull,2024-10-14 11:40:00,2024-10-14 12:32:00,52.0,18,18,6,4190.0
a154ca37bda7,2024-10-16,2024-10-14/2024-10-20,Push,2024-10-16 15:33:00,2024-10-16 16:30:00,57.0,16,16,5,4777.5
f7872a738ced,2024-10-21,2024-10-21/2024-10-27,Forza,2024-10-21 12:23:00,2024-10-21 13:18:00,55.0,14,14,4,2702.5
9582a901b257,2024-10-22,2024-10-21/2024-10-27,Pull,2024-10-22 11:55:00,2024-10-22 12:45:00,50.0,16,16,5,3985.0
0c42d06345bb,2024-10-23,2024-10-21/2024-10-27,Push,2024-10-23 07:57:00,2024-10-23 08:35:00,38.0,12,12,3,3160.0
74aca578b4a0,2024-10-24,2024-10-21/2024-10-27,Pull,2024-10-24 07:42:00,2024-10-24 08:26:00,44.0,13,13,3,6745.0
7a8a5fb8d3cf,2024-10-25,2024-10-21/2024-10-27,Push,2024-10-25 08:29:00,2024-10-25 09:09:00,40.0,14,14,3,3315.0
ddbe2643f51d,2024-10-28,2024-10-28/2024-11-03,Forza,2024-10-28 16:18:00,2024-10-28 17:23:00,65.0,16,16,4,2962.5
45b24ac2acb2,2024-10-29,2024-10-28/2024-11-03,Pull 1,2024-10-29 08:01:00,2024-10-29 08:47:00,46.0,14,14,4,4170.0
f4a74d96eee4,2024-10-30,2024-10-28/2024-11-03,Push 1,2024-10-30 07:46:00,2024-10-30 08:26:00,40.0,13,13,3,3108.0
2533c0079565,2024-10-31,2024-10-28/2024-11-03,Pull 2,2024-10-31 08:30:00,2024-10-31 09:15:00,45.0,17,17,4,8028.5
99b5d3c74706,2024-11-04,2024-11-04/2024-11-10,Push 1,2024-11-04 17:15:00,2024-11-04 18:00:00,45.0,15,15,4,3118.0
f7d6f0c403bb,2024-11-05,2024-11-04/2024-11-10,Pull 1,2024-11-05 09:06:00,2024-11-05 09:46:00,40.0,11,11,3,4080.0
401987a7ce8f,2024-11-06,2024-11-04/2024-11-10,Push 2,2024-11-06 08:34:00,2024-11-06 09:16:00,42.0,14,14,3,3391.5
8a3351166d36,2024-11-07,2024-11-04/2024-11-10,Pull 2,2024-11-07 16:20:00,2024-11-07 17:04:00,44.0,14,14,3,7700.0
279877aaa347,2024-11-08,2024-11-04/2024-11-10,Strength,2024-11-08 16:14:00,2024-11-08 17:14:00,60.0,16,16,4,3082.5
a73c64caaaab,2024-11-11,2024-11-11/2024-11-17,Strength,2024-11-11 16:01:00,2024-11-11 17:06:00,65.0,15,15,4,2957.5
3630757ce4a8,2024-11-12,2024-11-11/2024-11-17,Pull 1,2024-11-12 09:51:00,2024-11-12 10:31:00,40.0,11,11,3,4370.0
bd5977ac903a,2024-11-13,2024-11-11/2024-11-17,Push 1,2024-11-13 12:17:00,2024-11-13 12:57:00,40.0,13,13,3,3696.0
205189bca284,2024-11-14,2024-11-11/2024-11-17,Pull 2,2024-11-14 12:47:00,2024-11-14 13:28:00,41.0,12,12,3,6507.5
8642576aaea3,2024-11-25,2024-11-25/2024-12-01,Strength,2024-11-25 11:04:00,2024-11-25 11:59:00,55.0,12,12,3,2900.0
ef2d5ad9bebc,2024-11-26,2024-11-25/2024-12-01,Pull 1,2024-11-26 08:11:00,2024-11-26 08:56:00,45.0,13,13,4,4145.0
fef236c6b8de,2024-11-27,2024-11-25/2024-12-01,Push 1,2024-11-27 08:45:00,2024-11-27 09:33:00,48.0,15,15,4,3959.5
d22565b96732,2024-11-28,2024-11-25/2024-12-01,Pull 2,2024-11-28 10:24:00,2024-11-28 11:00:00,36.0,13,13,3,6842.5
642a5323b4ba,2024-11-29,2024-11-25/2024-12-01,Push 2,2024-11-29 07:41:00,2024-11-29 08:21:00,40.0,15,15,4,3588.0
37a0cfda7f16,2024-12-02,2024-12-02/2024-12-08,Strength,2024-12-02 11:09:00,2024-12-02 12:13:00,64.0,15,15,4,3112.5
d29ab05e3d5c,2024-12-03,2024-12-02/2024-12-08,Pull 1,2024-12-03 08:29:00,2024-12-03 09:12:00,43.0,13,13,4,4964.0
1368e9a2e709,2024-12-04,2024-12-02/2024-12-08,Push 1,2024-12-04 12:24:00,2024-12-04 13:19:00,55.0,15,15,4,4724.0
d08a25230b20,2024-12-06,2024-12-02/2024-12-08,Push 2,2024-12-06 16:50:00,2024-12-06 17:26:00,36.0,14,14,3,3449.0
22bca5f144bb,2024-12-09,2024-12-09/2024-12-15,Strength,2024-12-09 10:47:00,2024-12-09 11:48:00,61.0,15,15,4,3007.5
40a7d47081e0,2024-12-10,2024-12-09/2024-12-15,Pull 1,2024-12-10 08:17:00,2024-12-10 09:01:00,44.0,14,14,4,4893.0
2481497d011a,2024-12-11,2024-12-09/2024-12-15,Push 1,2024-12-11 10:45:00,2024-12-11 11:27:00,42.0,14,14,4,3902.0
62a0d43380c5,2024-12-12,2024-12-09/2024-12-15,Pull 2,2024-12-12 08:27:00,2024-12-12 09:00:00,33.0,13,13,3,5710.0
10b9820cc0a5,2024-12-13,2024-12-09/2024-12-15,Push 2,2024-12-13 07:50:00,2024-12-13 08:24:00,34.0,14,14,3,3405.5
efd1edada6e9,2024-12-17,2024-12-16/2024-12-22,-3🫡,2024-12-17 11:18:00,2024-12-17 12:08:00,50.0,15,15,5,3440.0
e8512dd67f8b,2024-12-18,2024-12-16/2024-12-22,-2,2024-12-18 11:54:00,2024-12-18 12:34:00,40.0,14,14,4,4835.0
25c9c9ff4e4b,2024-12-20,2024-12-16/2024-12-22,Massimali🤠,2024-12-20 14:31:00,2024-12-20 16:17:00,106.0,14,14,3,1624.0
53b453322aeb,2025-01-05,2024-12-30/2025-01-05,Upper,2025-01-05 11:59:00,2025-01-05 12:59:00,60.0,18,18,5,5468.0
68ea84f5d89c,2025-01-07,2025-01-06/2025-01-12,Strength,2025-01-07 11:44:00,2025-01-07 12:37:00,53.0,16,16,4,2972.5
356f6597ca32,2025-01-10,2025-01-06/2025-01-12,Upper,2025-01-10 17:59:00,2025-01-10 18:59:00,60.0,18,18,6,6190.5
c639c0890255,2025-01-13,2025-01-13/2025-01-19,Strength,2025-01-13 11:02:00,2025-01-13 12:05:00,63.0,17,17,4,3475.0
6db967d3c4ff,2025-01-14,2025-01-13/2025-01-19,Pull 1,2025-01-14 12:29:00,2025-01-14 13:07:00,38.0,11,11,3,4976.0
f22961a76a8e,2025-01-15,2025-01-13/2025-01-19,Push,2025-01-15 20:11:00,2025-01-15 20:51:00,40.0,14,14,4,5610.0
605a77c8622d,2025-01-17,2025-01-13/2025-01-19,Upper,2025-01-17 13:05:00,2025-01-17 14:05:00,60.0,17,17,5,6195.0
a81185310fd6,2025-01-20,2025-01-20/2025-01-26,Strength,2025-01-20 09:17:00,2025-01-20 10:21:00,64.0,15,15,4,2905.0
371ac94c11e8,2025-01-21,2025-01-20/2025-01-26,Pull 1,2025-01-21 08:45:00,2025-01-21 09:25:00,40.0,14,14,4,4945.0
f3606049b1af,2025-01-22,2025-01-20/2025-01-26,Push,2025-01-22 08:41:00,2025-01-22 09:40:00,59.0,13,13,5,3447.5
c79513a37028,2025-02-03,2025-02-03/2025-02-09,Strength,2025-02-03 12:20:00,2025-02-03 13:25:00,65.0,14,14,6,3010.0
f66f282772f0,2025-02-05,2025-02-03/2025-02-09,Pull,2025-02-05 12:53:00,2025-02-05 13:38:00,45.0,13,13,4,4470.0
eb9e254fc972,2025-02-07,2025-02-03/2025-02-09,Upper,2025-02-07 12:09:00,2025-02-07 12:58:00,49.0,13,13,5,5447.5
6e15312ffe23,2025-02-10,2025-02-10/2025-02-16,Strength,2025-02-10 12:10:00,2025-02-10 13:13:00,63.0,14,14,5,2877.0
80ad3694267c,2025-02-11,2025-02-10/2025-02-16,Pull,2025-02-11 12:04:00,2025-02-11 12:57:00,53.0,12,12,4,4894.0
6e1c9f3ed0af,2025-02-12,2025-02-10/2025-02-16,Push,2025-02-12 12:46:00,2025-02-12 13:46:00,60.0,10,10,4,2741.0
caba13e65af8,2025-02-14,2025-02-10/2025-02-16,Upper,2025-02-14 09:32:00,2025-02-14 10:35:00,63.0,16,16,5,5464.5
824292d2892a,2025-02-18,2025-02-17/2025-02-23,Strength,2025-02-18 12:25:00,2025-02-18 13:30:00,65.0,12,12,4,3265.0
328fe8a8af82,2025-02-19,2025-02-17/2025-02-23,Pull,2025-02-19 12:08:00,2025-02-19 13:08:00,60.0,12,12,4,5128.0
0297e9b925c4,2025-02-21,2025-02-17/2025-02-23,Upper upper,2025-02-21 12:42:00,2025-02-21 14:01:00,79.0,20,20,6,7155.0
6a412e0d4a0b,2025-02-23,2025-02-17/2025-02-23,Braccia,2025-02-23 10:37:00,2025-02-23 11:07:00,30.0,10,10,3,1949.0
29cfd2de47d8,2025-02-24,2025-02-24/2025-03-02,Strength,2025-02-24 10:45:00,2025-02-24 11:45:00,60.0,13,13,4,3399.0
f29d23e7911f,2025-02-25,2025-02-24/2025-03-02,Pull,2025-02-25 08:18:00,2025-02-25 08:58:00,40.0,12,12,4,3992.0
5e0cdee8d0e7,2025-02-27,2025-02-24/2025-03-02,Push,2025-02-27 12:07:00,2025-02-27 12:59:00,52.0,12,12,3,4267.5
f2491ea51391,2025-02-28,2025-02-24/2025-03-02,Pull,2025-02-28 12:12:00,2025-02-28 12:52:00,40.0,13,13,4,4267.0
87553307a9bc,2025-03-03,2025-03-03/2025-03-09,Strength,2025-03-03 16:48:00,2025-03-03 17:58:00,70.0,15,15,5,3835.0
57e1a6ba8773,2025-03-04,2025-03-03/2025-03-09,Pull,2025-03-04 08:17:00,2025-03-04 08:57:00,40.0,11,11,3,4696.0
a6e1f26076c5,2025-03-06,2025-03-03/2025-03-09,Push,2025-03-06 12:39:00,2025-03-06 13:37:00,58.0,16,16,5,4660.0
f20279ca9619,2025-03-11,2025-03-10/2025-03-16,Pull,2025-03-11 09:05:00,2025-03-11 09:45:00,40.0,11,11,3,4497.0
1b126137c506,2025-03-12,2025-03-10/2025-03-16,Push,2025-03-12 08:56:00,2025-03-12 09:46:00,50.0,14,14,4,5177.5
c2c6fae86024,2025-03-14,2025-03-10/2025-03-16,Massimali con Matte,2025-03-14 16:30:00,2025-03-14 18:21:00,111.0,20,20,4,3084.0
2d217fb93de7,2025-03-15,2025-03-10/2025-03-16,Braccia,2025-03-15 13:55:00,2025-03-15 14:33:00,38.0,14,14,4,7136.0
b8483977e49e,2025-03-17,2025-03-17/2025-03-23,Strength,2025-03-17 16:42:00,2025-03-17 17:58:00,76.0,18,18,5,5617.5
860251262f25,2025-03-18,2025-03-17/2025-03-23,Pull,2025-03-18 09:09:00,2025-03-18 09:51:00,42.0,12,12,4,4475.0
b254dfbc1f7d,2025-03-19,2025-03-17/2025-03-23,Push,2025-03-19 20:34:00,2025-03-19 21:24:00,50.0,15,15,5,7764.0
05cb908eea88,2025-03-21,2025-03-17/2025-03-23,Pull,2025-03-21 11:59:00,2025-03-21 12:55:00,56.0,15,15,5,5397.5
5c9b5c366743,2025-03-25,2025-03-24/2025-03-30,Pull,2025-03-25 09:01:00,2025-03-25 09:46:00,45.0,11,11,3,4552.0
074f43ae9c4c,2025-03-26,2025-03-24/2025-03-30,push,2025-03-26 18:30:00,2025-03-26 19:32:00,62.0,15,15,5,7078.0
f72a6fbe38d9,2025-03-30,2025-03-24/2025-03-30,push,2025-03-30 10:46:00,2025-03-30 11:36:00,50.0,20,20,7,5936.0
e9f2de443a80,2025-04-01,2025-03-31/2025-04-06,Strength,2025-04-01 17:09:00,2025-04-01 18:14:00,65.0,13,13,4,3715.0
6b5e45317420,2025-04-02,2025-03-31/2025-04-06,pull,2025-04-02 08:31:00,2025-04-02 09:11:00,40.0,13,13,5,3790.0
05b3689c7589,2025-04-03,2025-03-31/2025-04-06,push,2025-04-03 18:08:00,2025-04-03 19:03:00,55.0,17,17,5,4259.5
9c4b914302a5,2025-04-04,2025-03-31/2025-04-06,non avevo tempo,2025-04-04 16:55:00,2025-04-04 17:30:00,35.0,11,11,3,4195.0
0d76c92b07c6,2025-04-07,2025-04-07/2025-04-13,Strength,2025-04-07 11:56:00,2025-04-07 13:06:00,70.0,14,14,5,3880.0
40153a2f2863,2025-04-09,2025-04-07/2025-04-13,upper,2025-04-09 16:47:00,2025-04-09 17:37:00,50.0,15,15,5,7530.0
ddec93b7b12b,2025-04-14,2025-04-14/2025-04-20,Strength,2025-04-14 13:13:00,2025-04-14 14:22:00,69.0,15,15,5,3885.5
8d336aa51db2,2025-04-16,2025-04-14/2025-04-20,upper,2025-04-16 09:05:00,2025-04-16 09:57:00,52.0,14,14,4,5978.0
900bcc6ce257,2025-04-23,2025-04-21/2025-04-27,upper,2025-04-23 11:10:00,2025-04-23 12:06:00,56.0,17,17,5,4983.0
31f973ca3781,2025-04-26,2025-04-21/2025-04-27,upper,2025-04-26 13:28:00,2025-04-26 14:24:00,56.0,16,16,5,6065.0
a96ba92c6097,2025-04-28,2025-04-28/2025-05-04,Allenamento pomeridiano 💪,2025-04-28 16:44:00,2025-04-28 17:26:00,42.0,10,10,3,2537.0
f80858f3bcaa,2025-04-30,2025-04-28/2025-05-04,Allenamento serale 🏋️,2025-04-30 18:15:00,2025-04-30 19:10:00,55.0,14,14,4,4795.0
6798ecfac483,2025-05-02,2025-04-28/2025-05-04,Allenamento mattutino ☀️,2025-05-02 09:59:00,2025-05-02 10:51:00,52.0,19,19,6,5509.5
03849a922572,2025-05-05,2025-05-05/2025-05-11,Allenamento mattutino ☀️,2025-05-05 10:12:00,2025-05-05 10:57:00,45.0,12,12,3,3133.0
5b7d5b9895a6,2025-05-07,2025-05-05/2025-05-11,Allenamento mattutino ☀️,2025-05-07 10:54:00,2025-05-07 11:46:00,52.0,11,11,4,4332.0
80a8fd1e7c4d,2025-05-12,2025-05-12/2025-05-18,Allenamento mattutino ☀️,2025-05-12 09:31:00,2025-05-12 10:26:00,55.0,16,16,4,2782.5
d6562601ca2e,2025-05-13,2025-05-12/2025-05-18,Allenamento mattutino ☀️,2025-05-13 09:59:00,2025-05-13 10:50:00,51.0,13,13,4,3726.0
8bc72435de01,2025-05-14,2025-05-12/2025-05-18,Allenamento mattutino ☀️,2025-05-14 11:16:00,2025-05-14 12:06:00,50.0,16,16,6,5107.0
2325368bf45b,2025-05-20,2025-05-19/2025-05-25,Allenamento mattutino ☀️,2025-05-20 07:20:00,2025-05-20 08:02:00,42.0,12,12,3,2252.5
7bb58f4a188b,2025-05-22,2025-05-19/2025-05-25,Allenamento pomeridiano 💪,2025-05-22 17:10:00,2025-05-22 17:55:00,45.0,12,12,4,3934.0
b953731ccffa,2025-05-26,2025-05-26/2025-06-01,Allenamento mattutino ☀️,2025-05-26 10:19:00,2025-05-26 11:11:00,52.0,15,15,6,3677.5
3df0020b718f,2025-05-28,2025-05-26/2025-06-01,Allenamento pomeridiano 💪,2025-05-28 18:21:00,2025-05-28 19:12:00,51.0,14,14,4,4915.0
4b89467e2f05,2025-05-30,2025-05-26/2025-06-01,Allenamento mattutino ☀️,2025-05-30 08:44:00,2025-05-30 09:41:00,57.0,17,17,6,2757.5
7cb353a72b39,2025-06-04,2025-06-02/2025-06-08,Allenamento mattutino ☀️,2025-06-04 10:15:00,2025-06-04 11:00:00,45.0,12,12,3,2760.0
6a9926534da5,2025-06-10,2025-06-09/2025-06-15,Allenamento mattutino ☀️,2025-06-10 10:10:00,2025-06-10 11:02:00,52.0,13,13,4,3350.0
47c12e068ecd,2025-06-11,2025-06-09/2025-06-15,Allenamento serale 🏋️,2025-06-11 20:19:00,2025-06-11 21:14:00,55.0,15,15,5,4475.0
746aa67f7e0d,2025-06-20,2025-06-16/2025-06-22,Allenamento mattutino ☀️,2025-06-20 11:42:00,2025-06-20 12:32:00,50.0,12,12,4,2510.0
b4bdc6fc1ef5,2025-06-21,2025-06-16/2025-06-22,Allenamento pomeridiano 💪,2025-06-21 18:09:00,2025-06-21 18:59:00,50.0,14,14,4,1738.0
68d40ef560b0,2025-06-23,2025-06-23/2025-06-29,Allenamento serale 🏋️,2025-06-23 19:17:00,2025-06-23 20:19:00,62.0,16,16,5,4495.0
2bc3a1bc8ad2,2025-06-24,2025-06-23/2025-06-29,Allenamento pomeridiano 💪,2025-06-24 12:21:00,2025-06-24 13:15:00,54.0,13,13,4,3477.0
cade1eff2821,2025-06-26,2025-06-23/2025-06-29,Allenamento mattutino ☀️,2025-06-26 09:42:00,2025-06-26 10:22:00,40.0,12,12,3,2670.0
eb9449ef2b38,2025-06-27,2025-06-23/2025-06-29,Allenamento serale 🏋️,2025-06-27 18:08:00,2025-06-27 19:00:00,52.0,14,14,4,3480.0
8a2e7494bcaf,2025-06-30,2025-06-30/2025-07-06,Allenamento pomeridiano 💪,2025-06-30 12:14:00,2025-06-30 13:29:00,75.0,15,15,4,4415.0
8e298c80d659,2025-07-01,2025-06-30/2025-07-06,Allenamento pomeridiano 💪,2025-07-01 12:28:00,2025-07-01 13:15:00,47.0,13,13,4,2998.5
d728a80e96c9,2025-07-02,2025-06-30/2025-07-06,Allenamento mattutino ☀️,2025-07-02 09:06:00,2025-07-02 09:56:00,50.0,15,15,4,4089.5
5184b218d415,2025-07-07,2025-07-07/2025-07-13,Allenamento mattutino ☀️,2025-07-07 11:34:00,2025-07-07 12:36:00,62.0,11,11,3,3752.5
a7504d588ee5,2025-07-10,2025-07-07/2025-07-13,Allenamento pomeridiano 💪,2025-07-10 18:10:00,2025-07-10 18:55:00,45.0,12,12,3,2710.0
1fbe00bf8290,2025-07-14,2025-07-14/2025-07-20,pronto per giovedì 🫡,2025-07-14 17:26:00,2025-07-14 18:17:00,51.0,14,14,4,2170.0
15f6b339bfc9,2025-07-17,2025-07-14/2025-07-20,Massimali🤠,2025-07-17 16:10:00,2025-07-17 17:59:00,109.0,14,14,3,892.5
f271a838f8f9,2025-07-24,2025-07-21/2025-07-27,Allenamento pomeridiano 💪,2025-07-24 12:36:00,2025-07-24 13:21:00,45.0,10,10,3,3180.0
04df845538ac,2025-07-25,2025-07-21/2025-07-27,Allenamento mattutino ☀️,2025-07-25 08:43:00,2025-07-25 09:34:00,51.0,13,13,4,3150.0
b5a86b885dc9,2025-07-29,2025-07-28/2025-08-03,Allenamento mattutino ☀️,2025-07-29 12:15:00,2025-07-29 13:13:00,58.0,14,14,4,3187.0
bceb87d1ba71,2025-07-30,2025-07-28/2025-08-03,Allenamento pomeridiano 💪,2025-07-30 15:35:00,2025-07-30 16:44:00,69.0,16,16,4,4283.0
cfed1e571aa0,2025-08-02,2025-07-28/2025-08-03,Allenamento mattutino ☀️,2025-08-02 11:29:00,2025-08-02 12:25:00,56.0,13,13,3,4771.0
3d48c02d0f2f,2025-08-11,2025-08-11/2025-08-17,Allenamento mattutino ☀️,2025-08-11 10:45:00,2025-08-11 11:55:00,70.0,15,15,4,2752.0
c55c1fa42370,2025-08-26,2025-08-25/2025-08-31,Allenamento pomeridiano 💪,2025-08-26 17:21:00,2025-08-26 18:16:00,55.0,14,14,5,2290.0
66313f32ada4,2025-08-28,2025-08-25/2025-08-31,Allenamento pomeridiano 💪,2025-08-28 16:20:00,2025-08-28 17:20:00,60.0,18,18,5,3787.0
2411b1d0eaa1,2025-09-01,2025-09-01/2025-09-07,Allenamento pomeridiano 💪,2025-09-01 16:37:00,2025-09-01 17:27:00,50.0,13,13,4,3474.0
ab182972291b,2025-09-04,2025-09-01/2025-09-07,Allenamento serale 🏋️,2025-09-04 18:10:00,2025-09-04 19:00:00,50.0,14,14,4,3095.0
45069d50c127,2025-09-10,2025-09-08/2025-09-14,Allenamento pomeridiano 💪,2025-09-10 16:00:00,2025-09-10 16:55:00,55.0,15,15,5,4469.0
d910b8132563,2025-09-19,2025-09-15/2025-09-21,Allenamento serale 🏋️,2025-09-19 19:32:00,2025-09-19 20:37:00,65.0,13,13,4,3020.0
00c96536ed8e,2025-09-20,2025-09-15/2025-09-21,Allenamento serale 🏋️,2025-09-20 20:03:00,2025-09-20 21:09:00,66.0,21,21,7,3165.5
7ae6c64d1e35,2025-09-23,2025-09-22/2025-09-28,Push Day,2025-09-23 22:30:00,2025-09-23 23:25:00,55.0,14,14,4,3674.0
29984fec8385,2025-09-26,2025-09-22/2025-09-28,Allenamento mattutino ☀️,2025-09-26 13:02:00,2025-09-26 13:50:00,48.0,13,13,4,2771.0
ee3a6101f048,2025-09-29,2025-09-29/2025-10-05,Push Day,2025-09-29 20:03:00,2025-09-29 21:08:00,65.0,14,14,4,3552.0
ac2892481dc6,2025-10-01,2025-09-29/2025-10-05,Allenamento mattutino ☀️,2025-10-01 20:04:00,2025-10-01 20:54:00,50.0,13,13,4,2074.0
e937eb4aef6f,2025-10-03,2025-09-29/2025-10-05,Allenamento pomeridiano 💪,2025-10-03 18:14:00,2025-10-03 19:02:00,48.0,11,11,3,1575.0
3805fd0bda52,2025-10-04,2025-09-29/2025-10-05,Allenamento serale 🏋️,2025-10-04 20:22:00,2025-10-04 21:16:00,54.0,16,16,5,2639.0
fc281f66383f,2025-10-08,2025-10-06/2025-10-12,Day1,2025-10-08 20:32:00,2025-10-08 21:33:00,61.0,15,15,5,3056.0
40734010a07c,2025-10-10,2025-10-06/2025-10-12,Day2,2025-10-10 20:14:00,2025-10-10 21:16:00,62.0,17,17,5,3455.0
aafc42d313e0,2025-10-14,2025-10-13/2025-10-19,Allenamento serale 🏋️,2025-10-14 20:34:00,2025-10-14 21:24:00,50.0,11,11,3,2715.0
04bab74a849c,2025-10-15,2025-10-13/2025-10-19,Day1,2025-10-15 11:44:00,2025-10-15 12:46:00,62.0,16,16,5,3288.0
002d7891d834,2025-10-17,2025-10-13/2025-10-19,Allenamento pomeridiano 💪,2025-10-17 19:01:00,2025-10-17 19:57:00,56.0,16,16,5,2888.0
289f2c7fbbfb,2025-10-20,2025-10-20/2025-10-26,Day1,2025-10-20 17:18:00,2025-10-20 18:38:00,80.0,18,18,5,4004.0
c9203339db55,2025-10-24,2025-10-20/2025-10-26,Day2,2025-10-24 13:09:00,2025-10-24 14:25:00,76.0,17,17,5,3720.0
4084d007b6cc,2025-11-03,2025-11-03/2025-11-09,Day1,2025-11-03 19:13:00,2025-11-03 20:28:00,75.0,15,15,5,3010.0
0d46433bcb72,2025-11-07,2025-11-03/2025-11-09,Day2,2025-11-07 17:53:00,2025-11-07 19:23:00,90.0,24,24,8,5450.0
536ba2c388aa,2025-11-10,2025-11-10/2025-11-16,Day1,2025-11-10 17:52:00,2025-11-10 19:32:00,100.0,22,22,7,4593.0
7a73f4e5aaa7,2025-11-14,2025-11-10/2025-11-16,Day2,2025-11-14 18:39:00,2025-11-14 19:58:00,79.0,22,22,7,4365.0
998c30b918ce,2025-11-17,2025-11-17/2025-11-23,Day1,2025-11-17 19:02:00,2025-11-17 20:38:00,96.0,21,21,7,4721.0
c8637b5d0d7a,2025-11-21,2025-11-17/2025-11-23,Day2,2025-11-21 18:21:00,2025-11-21 19:53:00,92.0,21,21,7,4585.0
657b606e28e8,2025-11-24,2025-11-24/2025-11-30,Day1,2025-11-24 19:41:00,2025-11-24 20:56:00,75.0,17,17,5,3705.0
fc7fd10011a4,2025-12-04,2025-12-01/2025-12-07,Allenamento pomeridiano 💪,2025-12-04 16:42:00,2025-12-04 18:02:00,80.0,21,21,6,3675.0
bb2a9764c2f4,2025-12-09,2025-12-08/2025-12-14,Allenamento pomeridiano 💪,2025-12-09 18:03:00,2025-12-09 18:48:00,45.0,9,9,3,2933.0
9267c6052ecc,2025-12-11,2025-12-08/2025-12-14,Allenamento serale 🏋️,2025-12-11 14:40:00,2025-12-11 15:35:00,55.0,12,12,3,1715.0
569d4e4f02cd,2025-12-14,2025-12-08/2025-12-14,Allenamento mattutino ☀️,2025-12-14 10:42:00,2025-12-14 11:22:00,40.0,10,10,3,2524.0
ad76cd837a45,2025-12-16,2025-12-15/2025-12-21,Allenamento pomeridiano 💪,2025-12-16 17:09:00,2025-12-16 18:19:00,70.0,18,18,5,3244.5
eb188aa060a6,2025-12-19,2025-12-15/2025-12-21,Allenamento serale 🏋️,2025-12-19 18:53:00,2025-12-19 19:33:00,40.0,11,11,3,1050.0
56cb7fcf29fc,2025-12-22,2025-12-22/2025-12-28,massimali 2025,2025-12-22 17:26:00,2025-12-22 18:51:00,85.0,11,11,2,822.5
1b137750c66d,2026-01-07,2026-01-05/2026-01-11,Allenamento serale 🏋️,2026-01-07 20:32:00,2026-01-07 21:27:00,55.0,16,16,5,2560.0
7a7086cd864e,2026-01-09,2026-01-05/2026-01-11,Allenamento pomeridiano 💪,2026-01-09 14:52:00,2026-01-09 15:57:00,65.0,16,16,4,4010.0
12597d053ce3,2026-01-12,2026-01-12/2026-01-18,DAY 3,2026-01-12 17:45:00,2026-01-12 18:50:00,65.0,17,17,5,3120.0
091932717ec2,2026-01-14,2026-01-12/2026-01-18,DAY 1,2026-01-14 11:14:00,2026-01-14 12:15:00,61.0,15,15,4,4155.0
fde8eb08531e,2026-01-16,2026-01-12/2026-01-18,DAY 2,2026-01-16 11:33:00,2026-01-16 12:28:00,55.0,16,16,5,2638.5
c69c6c386b31,2026-01-18,2026-01-12/2026-01-18,DAY 3,2026-01-18 14:05:00,2026-01-18 14:56:00,51.0,12,12,4,3250.0
55126d34ba8a,2026-01-20,2026-01-19/2026-01-25,DAY 1,2026-01-20 15:42:00,2026-01-20 16:45:00,63.0,14,14,4,4120.0
85db0a9b4b50,2026-01-22,2026-01-19/2026-01-25,DAY 2,2026-01-22 16:47:00,2026-01-22 17:52:00,65.0,15,15,5,2810.0
13260b6d005c,2026-01-28,2026-01-26/2026-02-01,DAY 3,2026-01-28 11:24:00,2026-01-28 12:15:00,51.0,17,17,5,3555.0
19a721cb3cd1,2026-01-29,2026-01-26/2026-02-01,DAY 1,2026-01-29 11:25:00,2026-01-29 12:33:00,68.0,16,16,4,4440.0
868cb6ff96a3,2026-01-31,2026-01-26/2026-02-01,DAY 2,2026-01-31 16:16:00,2026-01-31 17:21:00,65.0,18,18,6,3835.0
2b53dd11764b,2026-02-03,2026-02-02/2026-02-08,DAY 3,2026-02-03 11:33:00,2026-02-03 12:38:00,65.0,18,18,5,3535.0
10bf350cfd73,2026-02-04,2026-02-02/2026-02-08,DAY 1,2026-02-04 19:29:00,2026-02-04 20:38:00,69.0,18,18,6,4020.0
1997b7c6f401,2026-02-06,2026-02-02/2026-02-08,DAY 2,2026-02-06 12:41:00,2026-02-06 13:46:00,65.0,18,18,6,4180.0
490a2281ebd6,2026-02-09,2026-02-09/2026-02-15,DAY 3,2026-02-09 12:44:00,2026-02-09 13:46:00,62.0,20,20,6,3815.0
200884fa505f,2026-02-11,2026-02-09/2026-02-15,DAY 1,2026-02-11 11:08:00,2026-02-11 12:21:00,73.0,13,13,5,2520.0
0c39a78c3880,2026-03-03,2026-03-02/2026-03-08,We baaaack,2026-03-03 11:30:00,2026-03-03 12:35:00,65.0,18,18,6,3705.0
7a33bce1b355,2026-03-05,2026-03-02/2026-03-08,Allenamento mattutino ☀️,2026-03-05 11:36:00,2026-03-05 12:36:00,60.0,12,12,4,2635.0
b5e0d7d63d10,2026-03-24,2026-03-23/2026-03-29,Allenamento mattutino ☀️,2026-03-24 10:44:00,2026-03-24 11:39:00,55.0,13,13,5,2325.0
302e0266db02,2026-03-27,2026-03-23/2026-03-29,Allenamento pomeridiano 💪,2026-03-27 15:06:00,2026-03-27 16:11:00,65.0,19,19,5,2290.0
01819e201a15,2026-03-30,2026-03-30/2026-04-05,Allenamento mattutino ☀️,2026-03-30 22:03:00,2026-03-30 22:58:00,55.0,13,13,5,2452.5
919561c95c04,2026-04-01,2026-03-30/2026-04-05,Allenamento pomeridiano 💪,2026-04-01 18:40:00,2026-04-01 19:45:00,65.0,16,16,3,2298.0
135a06f8cc14,2026-04-04,2026-03-30/2026-04-05,Allenamento mattutino ☀️,2026-04-04 11:22:00,2026-04-04 12:20:00,58.0,11,11,4,1975.5
95a61a2db0aa,2026-04-07,2026-04-06/2026-04-12,Allenamento serale 🏋️,2026-04-07 17:36:00,2026-04-07 19:01:00,85.0,15,15,5,2515.0
e89a4f96ce76,2026-04-09,2026-04-06/2026-04-12,Allenamento serale 🏋️,2026-04-09 17:50:00,2026-04-09 19:20:00,90.0,16,16,4,3545.0
00300966427d,2026-04-11,2026-04-06/2026-04-12,Allenamento serale 🏋️,2026-04-11 17:38:00,2026-04-11 19:08:00,90.0,18,18,5,3248.5
e02f7853c57a,2026-04-14,2026-04-13/2026-04-19,Allenamento pomeridiano 💪,2026-04-14 17:14:00,2026-04-14 18:44:00,90.0,18,18,5,3650.0
98eeeff63eb7,2026-04-15,2026-04-13/2026-04-19,Allenamento serale 🏋️,2026-04-15 18:57:00,2026-04-15 20:12:00,75.0,16,16,4,3742.5
a948a672dbe5,2026-04-19,2026-04-13/2026-04-19,Allenamento mattutino ☀️,2026-04-19 11:25:00,2026-04-19 12:29:00,64.0,11,11,4,3457.5
2295b93f0f26,2026-04-21,2026-04-20/2026-04-26,Allenamento serale 🏋️,2026-04-21 19:07:00,2026-04-21 20:32:00,85.0,19,19,5,4235.0
d7c4bea9a432,2026-04-23,2026-04-20/2026-04-26,Allenamento serale 🏋️,2026-04-23 18:50:00,2026-04-23 20:25:00,95.0,15,15,4,4200.0
b434701a8957,2026-04-25,2026-04-20/2026-04-26,Allenamento mattutino ☀️,2026-04-25 11:07:00,2026-04-25 12:27:00,80.0,14,14,4,3868.5
f5c6d63314de,2026-04-27,2026-04-27/2026-05-03,Allenamento serale 🏋️,2026-04-27 17:42:00,2026-04-27 19:17:00,95.0,15,15,4,3335.0
eb3bfe360c22,2026-04-29,2026-04-27/2026-05-03,Allenamento serale 🏋️,2026-04-29 17:33:00,2026-04-29 19:13:00,100.0,16,16,4,4015.0
b632d98bc721,2026-05-02,2026-04-27/2026-05-03,Allenamento mattutino ☀️,2026-05-02 11:00:00,2026-05-02 12:10:00,70.0,15,15,4,4166.0
437241336e66,2026-05-04,2026-05-04/2026-05-10,Allenamento serale 🏋️,2026-05-04 19:08:00,2026-05-04 20:13:00,65.0,15,15,4,3139.0
a33bdfd73b4b,2026-05-07,2026-05-04/2026-05-10,Allenamento pomeridiano 💪,2026-05-07 17:53:00,2026-05-07 18:58:00,65.0,14,14,5,3840.0
b8d5aa9b1459,2026-05-11,2026-05-11/2026-05-17,Allenamento mattutino ☀️,2026-05-11 10:55:00,2026-05-11 12:00:00,65.0,14,14,4,4569.5
4dba6e6a93e8,2026-05-15,2026-05-11/2026-05-17,Allenamento mattutino ☀️,2026-05-15 11:46:00,2026-05-15 12:27:00,41.0,13,13,5,3412.0
f29624823c8a,2026-05-18,2026-05-18/2026-05-24,Allenamento pomeridiano 💪,2026-05-18 17:34:00,2026-05-18 18:37:00,63.0,15,15,5,4519.0
2abf381cb303,2026-05-21,2026-05-18/2026-05-24,Allenamento mattutino ☀️,2026-05-21 18:02:00,2026-05-21 19:12:00,70.0,15,15,4,5092.0
0247e57bac03,2026-05-23,2026-05-18/2026-05-24,Allenamento mattutino ☀️,2026-05-23 10:43:00,2026-05-23 11:53:00,70.0,16,16,5,4670.0
6e2d3df0d6e0,2026-05-26,2026-05-25/2026-05-31,DAY3,2026-05-26 17:19:00,2026-05-26 18:19:00,60.0,12,12,3,2457.0
ab7a693fcb1c,2026-05-28,2026-05-25/2026-05-31,Allenamento pomeridiano 💪,2026-05-28 17:43:00,2026-05-28 18:34:00,51.0,12,12,4,4680.0
043d87197524,2026-05-29,2026-05-25/2026-05-31,DAY2,2026-05-29 19:11:00,2026-05-29 20:10:00,59.0,18,18,5,5195.0
179a41288c73,2026-06-01,2026-06-01/2026-06-07,DAY3,2026-06-01 18:22:00,2026-06-01 19:15:00,53.0,20,20,4,3645.0
fafb5954a4ff,2026-06-03,2026-06-01/2026-06-07,Allenamento pomeridiano 💪,2026-06-03 18:12:00,2026-06-03 19:10:00,58.0,12,12,4,5496.0
6d39ef0b1a6d,2026-06-05,2026-06-01/2026-06-07,DAY2,2026-06-05 16:24:00,2026-06-05 17:44:00,80.0,23,23,6,4866.0
a1b71bd8123c,2026-06-10,2026-06-08/2026-06-14,DAY3,2026-06-10 11:22:00,2026-06-10 12:12:00,50.0,14,14,4,3320.0
f91f34eb4fa3,2026-06-12,2026-06-08/2026-06-14,Allenamento pomeridiano 💪,2026-06-12 17:27:00,2026-06-12 18:37:00,70.0,14,14,4,5845.0
373e3006a619,2026-06-15,2026-06-15/2026-06-21,DAY2,2026-06-15 16:51:00,2026-06-15 17:36:00,45.0,15,15,4,3620.0
46fac28e9042,2026-06-18,2026-06-15/2026-06-21,DAY3,2026-06-18 19:32:00,2026-06-18 20:37:00,65.0,14,14,4,4245.0
